n_components,group_size,score,num_latents
2,2,0.8697685869030034,10
3,2,0.9049729197439685,10
4,2,0.982274741506647,10
